,Full_name,Kind,Name,Number_PP,Owners_name,Qty_stock,Remaining_amount,Price
0,700.0,1.0,780.0,1433.0,26.0,382.24585,52.0,188.96
1,218.0,1.0,263.0,412.0,49.0,549.48921,39.0,95.73
2,6.0,1.0,6.0,10.0,2.0,3962.0,280.0,99.83
3,351.0,1.0,401.0,633.0,57.0,294.11689,44.0,93.28
4,675.0,1.0,755.0,1402.0,8.0,504.36293,4.0,52.33
5,668.0,1.0,748.0,1373.0,8.0,477.28014,21.0,30.7
6,241.0,1.0,286.0,441.0,49.0,635.2778099999999,25.0,12.74
7,455.0,1.0,516.0,1016.0,69.0,62.0,18.0,14.15
8,343.0,1.0,393.0,623.0,57.0,866.34821,86.0,94.75
9,406.0,1.0,456.0,724.0,54.0,464.42952,48.0,2.65
10,219.0,1.0,264.0,413.0,49.0,388.9001,6.0,96.86
11,510.0,1.0,575.0,1112.0,69.0,502.21239,62.0,3.73
12,234.0,1.0,279.0,432.0,49.0,486.4762,8.0,10.56
13,226.0,1.0,271.0,422.0,49.0,654.3449099999999,96.0,56.44
14,250.0,1.0,295.0,452.0,49.0,599.21402,27.0,25.47
15,228.0,1.0,273.0,424.0,49.0,223.4167,87.0,24.4
16,24.0,1.0,25.0,33.0,78.0,796.3152,16.0,36.82
17,497.0,1.0,560.0,1072.0,69.0,897.53344,59.0,9.61
18,627.0,1.0,694.0,1362.0,75.0,668.2497599999999,52.0,97.38
19,249.0,1.0,294.0,451.0,49.0,148.11989,48.0,5.3
20,784.0,1.0,867.0,1640.0,106.0,782.54794,74.0,90.83
21,287.0,1.0,334.0,524.0,106.0,898.58504,7.0,63.9
22,243.0,1.0,288.0,443.0,49.0,863.3768699999999,21.0,44.3
23,290.0,1.0,337.0,527.0,106.0,78.471,9.0,92.8
24,846.0,1.0,934.0,1672.0,98.0,753.60172,23.0,3.41
25,792.0,1.0,876.0,1600.0,95.0,442.7262,6.0,95.32
26,883.0,1.0,974.0,1743.0,106.0,155.1573,25.0,3.96
27,230.0,1.0,275.0,426.0,49.0,701.29105,52.0,67.1
28,479.0,1.0,540.0,1046.0,69.0,276.2437,8.0,1.57
29,686.0,1.0,766.0,1415.0,8.0,379.1053,62.0,1.47
30,436.0,1.0,494.0,770.0,69.0,505.918,9.0,88.17
31,607.0,2.0,673.0,1254.0,109.0,164.13783999999998,2.0,89.45
32,685.0,1.0,765.0,1414.0,8.0,702.52642,98.0,46.86
33,546.0,1.0,611.0,1156.0,72.0,126.3594,78.0,44.79
34,306.0,1.0,353.0,550.0,53.0,433.23598,5.0,55.55
35,543.0,1.0,608.0,1153.0,72.0,107.10208,87.0,95.5
36,483.0,1.0,546.0,1054.0,69.0,14.0939,4.0,79.54
37,220.0,1.0,265.0,414.0,49.0,92.0,51.0,2.74
38,245.0,1.0,290.0,445.0,49.0,934.90308,46.0,10.3
39,372.0,1.0,422.0,660.0,57.0,658.28155,82.0,96.4
40,1015.0,1.0,1113.0,2162.0,103.0,101.8749,63.0,1.49
41,224.0,1.0,269.0,420.0,49.0,547.28952,71.0,41.82
42,403.0,1.0,453.0,717.0,57.0,388.5633,76.0,65.75
43,848.0,1.0,936.0,1674.0,99.0,506.2533,36.0,25.1
44,1017.0,1.0,1115.0,2164.0,103.0,922.8877,16.0,51.86
45,386.0,1.0,436.0,676.0,57.0,379.3668,72.0,59.96
46,397.0,1.0,447.0,711.0,57.0,702.43425,72.0,21.57
47,456.0,1.0,517.0,1017.0,69.0,488.24019000000004,36.0,42.68
48,829.0,0.0,915.0,1647.0,90.0,555.5079900000001,15.0,84.31
49,917.0,0.0,1008.0,2007.0,90.0,372.34767,12.0,35.3
50,84.0,0.0,127.0,174.0,90.0,872.28305,12.0,6.31
51,1016.0,1.0,1114.0,2163.0,103.0,673.2745,84.0,87.41
52,539.0,1.0,604.0,1147.0,72.0,940.77155,2.0,65.47
53,288.0,1.0,335.0,525.0,106.0,990.20344,5.0,70.84
54,541.0,1.0,606.0,1151.0,61.0,440.315,4.0,91.0
55,559.0,1.0,624.0,1173.0,61.0,316.23082999999997,8.0,39.2
56,845.0,1.0,933.0,1671.0,98.0,395.20937999999995,95.0,12.27
57,548.0,1.0,613.0,1160.0,61.0,647.48201,5.0,9.27
58,545.0,1.0,610.0,1155.0,72.0,76.0,24.0,51.4
59,783.0,1.0,866.0,1637.0,106.0,227.7009,76.0,95.52
60,225.0,1.0,270.0,421.0,49.0,702.6129099999999,62.0,50.2
61,550.0,1.0,615.0,1162.0,61.0,249.20188,92.0,71.27
62,972.0,0.0,1070.0,2104.0,90.0,737.56358,39.0,89.14
63,476.0,1.0,537.0,1043.0,69.0,4810.0,250.0,72.39
64,925.0,2.0,1017.0,2017.0,109.0,77.0,67.0,47.2
65,874.0,2.0,964.0,1730.0,109.0,882.2512800000001,18.0,88.76
66,882.0,2.0,973.0,1741.0,109.0,44352.0,672.0,44.71
67,454.0,1.0,515.0,1015.0,69.0,836.53562,52.0,91.27
68,448.0,1.0,509.0,1007.0,69.0,47846.0,509.0,49.89
69,339.0,1.0,387.0,613.0,54.0,346.32236,82.0,72.39
70,940.0,1.0,1034.0,2040.0,106.0,914.6973800000001,2.0,99.76
71,286.0,1.0,333.0,523.0,106.0,315.12669,3.0,95.73
72,491.0,1.0,554.0,1064.0,69.0,997.2899199999999,76.0,97.24
73,1030.0,2.0,1129.0,2203.0,109.0,992.9695800000001,8.0,23.1
74,895.0,2.0,986.0,1756.0,109.0,894.8903300000001,46.0,49.4
75,989.0,2.0,1087.0,2130.0,109.0,605.992,2.0,38.74
76,376.0,1.0,426.0,664.0,57.0,887.78,56.0,27.63
77,57.0,2.0,97.0,143.0,109.0,3275.0,125.0,72.39
78,964.0,2.0,1059.0,2072.0,109.0,895.5324300000001,55.0,92.24
79,943.0,1.0,1037.0,2044.0,106.0,149.1701,58.0,14.62
80,987.0,2.0,1085.0,2126.0,109.0,705.596,7.0,48.96
81,625.0,2.0,692.0,1302.0,109.0,85.1675,35.0,64.43
82,381.0,1.0,431.0,671.0,57.0,692.60605,36.0,68.29
83,411.0,1.0,461.0,732.0,54.0,606.1467700000001,32.0,74.8
84,493.0,1.0,556.0,1066.0,69.0,847.51455,25.0,11.84
85,577.0,1.0,642.0,1215.0,52.0,568.1918099999999,36.0,96.48
86,786.0,0.0,870.0,1562.0,90.0,630.7131,6.0,95.51
87,987.0,2.0,1085.0,2124.0,109.0,429.4603,17.0,12.13
88,592.0,1.0,658.0,1235.0,92.0,519.40819,35.0,74.51
89,595.0,2.0,661.0,1240.0,109.0,45.35,1.0,92.31
90,337.0,1.0,385.0,611.0,54.0,1494.0,996.0,69.97
91,457.0,1.0,518.0,1020.0,69.0,160.10635,2.0,60.35
92,217.0,1.0,262.0,411.0,49.0,585.2368,8.0,52.66
93,399.0,1.0,449.0,713.0,57.0,767.5315,31.0,62.4
94,412.0,1.0,462.0,733.0,54.0,486.19210999999996,58.0,28.15
95,673.0,1.0,753.0,1400.0,8.0,641.1942799999999,71.0,31.4
96,233.0,1.0,278.0,431.0,49.0,4048.0,550.0,17.4
97,777.0,2.0,860.0,1555.0,109.0,936.4132400000001,4.0,56.26
98,204.0,2.0,249.0,374.0,109.0,396.8719,92.0,26.2
99,679.0,1.0,759.0,1406.0,8.0,234.3531,6.0,30.61
100,300.0,1.0,347.0,542.0,53.0,32.0,17.0,49.39
101,380.0,1.0,430.0,670.0,57.0,91.7302,75.0,15.13
102,477.0,1.0,538.0,1044.0,69.0,517.4839099999999,2.0,24.58
103,993.0,2.0,1091.0,2134.0,109.0,12.0,9.0,32.52
104,257.0,2.0,302.0,463.0,109.0,88.0,17.0,44.93
105,252.0,1.0,297.0,454.0,49.0,722.39818,3.0,1.87
106,242.0,1.0,287.0,442.0,49.0,749.55583,29.0,35.91
107,285.0,1.0,332.0,522.0,106.0,456.1134,72.0,42.6
108,823.0,1.0,909.0,1641.0,90.0,368.12677,6.0,27.18
109,385.0,1.0,435.0,675.0,57.0,641.6236200000001,89.0,53.4
110,492.0,1.0,555.0,1065.0,69.0,306.1253,7.0,4.12
111,366.0,1.0,416.0,652.0,57.0,893.6940300000001,96.0,73.46
112,395.0,1.0,445.0,707.0,57.0,201.4785,81.0,57.59
113,364.0,1.0,414.0,650.0,57.0,527.9406,95.0,74.4
114,398.0,1.0,448.0,712.0,57.0,41.1521,1.0,29.26
115,301.0,1.0,348.0,543.0,53.0,479.33606,64.0,93.4
116,996.0,1.0,1094.0,2137.0,106.0,94.7654,42.0,6.24
117,951.0,1.0,1045.0,2054.0,92.0,587.456,99.0,8.39
118,991.0,2.0,1089.0,2132.0,109.0,48.2646,24.0,62.57
119,275.0,2.0,321.0,510.0,109.0,444.34192,44.0,75.23
120,988.0,2.0,1086.0,2127.0,109.0,405.36944,1.0,96.38
121,289.0,1.0,336.0,526.0,106.0,187.9353,74.0,25.41
122,669.0,1.0,749.0,1374.0,8.0,988.7394099999999,92.0,12.24
123,790.0,1.0,874.0,1575.0,95.0,442.12994000000003,8.0,32.46
124,185.0,1.0,229.0,346.0,106.0,928.17669,12.0,67.8
125,400.0,1.0,450.0,714.0,57.0,484.23875,72.0,16.4
126,799.0,0.0,884.0,1605.0,90.0,697.8656,74.0,72.25
127,807.0,0.0,892.0,1611.0,90.0,184.2815,2.0,96.69
128,1039.0,0.0,1139.0,1602.0,90.0,570.1961299999999,7.0,92.58
129,963.0,0.0,1058.0,2071.0,90.0,478.45260999999994,82.0,69.15
130,90.0,0.0,133.0,210.0,90.0,91.1932,84.0,58.84
131,323.0,1.0,370.0,572.0,106.0,783.1143,18.0,3.24
132,810.0,0.0,895.0,1614.0,90.0,215.2022,75.0,38.86
133,92.0,0.0,135.0,212.0,90.0,806.23067,72.0,12.31
134,390.0,1.0,440.0,702.0,57.0,591.55991,34.0,54.5
135,392.0,1.0,442.0,704.0,57.0,184.77,96.0,21.24
136,149.0,1.0,193.0,304.0,106.0,576.18938,88.0,84.96
137,791.0,1.0,875.0,1577.0,95.0,660.64897,8.0,28.62
138,449.0,1.0,510.0,1010.0,69.0,843.3902199999999,47.0,73.94
139,299.0,1.0,346.0,541.0,53.0,860.72566,8.0,21.8
140,503.0,1.0,568.0,1103.0,69.0,969.54021,75.0,20.48
141,662.0,0.0,741.0,1364.0,90.0,643.55098,67.0,31.12
142,331.0,0.0,378.0,602.0,90.0,892.3888199999999,28.0,30.1
143,305.0,1.0,352.0,547.0,53.0,695.7214,1.0,1.37
144,410.0,1.0,460.0,731.0,54.0,17303.0,572.0,25.62
145,1010.0,0.0,1108.0,2155.0,90.0,162.4532,76.0,48.95
146,168.0,1.0,212.0,325.0,106.0,921.87485,79.0,92.98
147,620.0,0.0,687.0,1275.0,90.0,620.58379,2.0,27.83
148,775.0,0.0,858.0,1553.0,90.0,684.3387799999999,52.0,3.64
149,169.0,1.0,213.0,326.0,106.0,589.56373,19.0,37.82
150,238.0,1.0,283.0,436.0,49.0,734.23788,94.0,27.17
151,145.0,1.0,189.0,300.0,106.0,499.48797,21.0,70.22
152,894.0,0.0,985.0,1755.0,90.0,152.72799999999998,8.0,13.64
153,968.0,0.0,1066.0,2100.0,90.0,85.2334,1.0,77.92
154,949.0,0.0,1043.0,2052.0,90.0,531.51533,55.0,99.9
155,809.0,0.0,894.0,1613.0,90.0,283.1936,3.0,0.84
156,800.0,0.0,885.0,1606.0,90.0,274.15379,62.0,30.16
157,747.0,0.0,827.0,1512.0,90.0,577.5391400000001,88.0,65.64
158,1022.0,0.0,1120.0,2172.0,90.0,612.3153,24.0,37.89
159,802.0,0.0,887.0,1623.0,90.0,460.29472000000004,2.0,51.15
160,915.0,0.0,1006.0,2005.0,90.0,73.3737,6.0,77.8
161,608.0,0.0,674.0,1255.0,90.0,878.6447099999999,54.0,55.71
162,196.0,1.0,240.0,363.0,106.0,545.255,55.0,65.44
163,969.0,0.0,1067.0,2101.0,90.0,438.29135,76.0,58.91
164,805.0,0.0,890.0,1607.0,90.0,454.27008,46.0,62.69
165,610.0,0.0,676.0,1257.0,90.0,19.896,8.0,55.41
166,83.0,0.0,126.0,175.0,90.0,777.5268,6.0,47.57
167,828.0,0.0,914.0,1646.0,90.0,780.74131,2.0,16.6
168,307.0,1.0,354.0,551.0,53.0,103.8053,57.0,20.22
169,389.0,1.0,439.0,701.0,57.0,985.68674,2.0,37.24
170,271.0,1.0,317.0,504.0,106.0,786.21434,22.0,66.87
171,272.0,0.0,318.0,505.0,90.0,794.2796400000001,68.0,77.68
172,598.0,0.0,664.0,1243.0,90.0,728.9442,16.0,73.25
173,308.0,1.0,355.0,552.0,53.0,274.22254,28.0,37.73
174,302.0,1.0,349.0,544.0,53.0,710.36607,6.0,93.9
175,452.0,1.0,513.0,1013.0,69.0,531.3384,63.0,93.93
176,585.0,1.0,650.0,1225.0,106.0,44814.0,485.0,7.73
177,362.0,1.0,412.0,646.0,57.0,403.27815,6.0,90.5
178,1020.0,0.0,1118.0,2167.0,90.0,332.315,4.0,27.6
179,961.0,1.0,1055.0,2066.0,92.0,262.13354,14.0,40.6
180,1042.0,0.0,1142.0,1776.0,90.0,293.15675,5.0,44.7
181,868.0,1.0,958.0,1722.0,106.0,995.35232,95.0,59.45
182,490.0,1.0,553.0,1063.0,69.0,272.3408,16.0,7.98
183,462.0,1.0,523.0,1025.0,69.0,329.20052000000004,55.0,96.3
184,435.0,1.0,493.0,767.0,69.0,319.25277,56.0,13.22
185,764.0,0.0,846.0,1536.0,90.0,773.17067,84.0,57.7
186,282.0,0.0,328.0,520.0,90.0,481.35334000000006,26.0,72.83
187,294.0,0.0,341.0,533.0,90.0,870.8570300000001,7.0,73.21
188,499.0,1.0,562.0,1074.0,70.0,308.16071,44.0,93.11
189,523.0,1.0,588.0,1127.0,70.0,866.1659199999999,56.0,58.46
190,721.0,1.0,801.0,1455.0,108.0,349.34135,69.0,22.12
191,859.0,1.0,949.0,1712.0,100.0,296.17452000000003,16.0,97.79
192,540.0,1.0,605.0,1150.0,70.0,124.11838,28.0,67.65
193,561.0,1.0,626.0,1175.0,71.0,740.63166,4.0,72.86
194,63.0,0.0,105.0,153.0,90.0,674.24203,34.0,23.36
195,758.0,0.0,840.0,1530.0,90.0,469.28002999999995,99.0,32.88
196,948.0,0.0,1042.0,2051.0,90.0,959.68472,6.0,30.37
197,184.0,1.0,228.0,345.0,106.0,340.26923999999997,6.0,85.18
198,623.0,1.0,690.0,1300.0,92.0,557.1554,3.0,68.55
199,678.0,1.0,758.0,1405.0,8.0,695.52833,9.0,37.49
200,902.0,0.0,993.0,1767.0,90.0,749.30738,96.0,93.74
201,484.0,1.0,547.0,1055.0,69.0,26103.0,452.0,11.39
202,529.0,1.0,594.0,1135.0,72.0,439.6273,31.0,29.19
203,327.0,0.0,374.0,576.0,90.0,407.23707,75.0,90.57
204,19.0,1.0,19.0,27.0,80.0,190.8365,7.0,87.49
205,921.0,0.0,1012.0,2013.0,90.0,937.52443,89.0,10.47
206,602.0,0.0,668.0,1247.0,90.0,35.2112,6.0,90.26
207,826.0,1.0,912.0,1644.0,100.0,232.37,12.0,77.32
208,383.0,1.0,433.0,673.0,57.0,217.16574,46.0,54.96
209,478.0,1.0,539.0,1045.0,69.0,427.24616,55.0,68.18
210,79.0,0.0,122.0,176.0,90.0,382.6127,28.0,34.37
211,191.0,1.0,235.0,355.0,106.0,216.17975,52.0,23.35
212,660.0,0.0,739.0,1360.0,90.0,883.2153599999999,37.0,94.99
213,504.0,1.0,569.0,1104.0,69.0,89661.0,975.0,95.71
214,714.0,1.0,794.0,1451.0,110.0,361.4826,57.0,36.83
215,176.0,1.0,220.0,335.0,106.0,533.42608,2.0,26.0
216,369.0,1.0,419.0,655.0,57.0,132.6272,64.0,84.7
217,379.0,1.0,429.0,667.0,57.0,311.19866,68.0,17.62
218,330.0,0.0,377.0,601.0,90.0,958.45035,58.0,54.79
219,761.0,1.0,843.0,1533.0,106.0,736.14293,12.0,68.5
220,624.0,0.0,691.0,1301.0,90.0,693.47151,72.0,79.94
221,284.0,0.0,331.0,521.0,90.0,395.3722,85.0,86.13
222,596.0,0.0,662.0,1241.0,90.0,405.1105,65.0,78.61
223,930.0,1.0,1023.0,2025.0,106.0,152.12763,44.0,70.68
224,244.0,1.0,289.0,444.0,49.0,776.9606,88.0,7.41
225,74.0,1.0,117.0,167.0,106.0,866.54185,62.0,86.16
226,368.0,1.0,418.0,654.0,57.0,886.4903099999999,24.0,48.41
227,409.0,1.0,459.0,730.0,54.0,113.10037,79.0,71.49
228,231.0,1.0,276.0,427.0,49.0,134.1104,16.0,79.19
229,108.0,1.0,151.0,232.0,106.0,137.10675,4.0,19.4
230,473.0,1.0,534.0,1040.0,69.0,961.66395,49.0,7.84
231,928.0,0.0,1020.0,2022.0,90.0,988.69624,36.0,53.21
232,597.0,0.0,663.0,1242.0,90.0,859.1291,77.0,86.91
233,889.0,1.0,980.0,1750.0,104.0,331.17175,59.0,84.83
234,986.0,1.0,1084.0,2123.0,106.0,878.7513,46.0,59.69
235,588.0,2.0,653.0,1230.0,109.0,352.30564,16.0,9.28
236,760.0,0.0,842.0,1532.0,90.0,66.4107,18.0,83.22
237,487.0,1.0,550.0,1060.0,69.0,83.0,61.0,6.31
238,498.0,1.0,561.0,1073.0,69.0,132.10099,32.0,25.6
239,884.0,1.0,975.0,1742.0,106.0,829.15933,38.0,46.63
240,221.0,1.0,266.0,415.0,49.0,709.1322200000001,85.0,26.29
241,801.0,0.0,886.0,1622.0,90.0,298.27168,66.0,98.92
242,489.0,1.0,552.0,1062.0,69.0,682.41547,44.0,46.79
243,450.0,1.0,511.0,1011.0,69.0,701.4107,86.0,10.25
244,304.0,1.0,351.0,546.0,53.0,909.2379699999999,62.0,1.48
245,278.0,1.0,324.0,514.0,51.0,645.8759,1.0,41.77
246,920.0,0.0,1011.0,2012.0,90.0,214.10926,84.0,21.42
247,86.0,0.0,129.0,204.0,90.0,64.207,36.0,48.2
248,867.0,1.0,957.0,1721.0,106.0,859.2112199999999,81.0,79.23
249,509.0,1.0,574.0,1111.0,69.0,48.0,23.0,21.59
250,973.0,0.0,1071.0,2105.0,90.0,719.2973,65.0,94.89
251,985.0,1.0,1083.0,2122.0,106.0,760.2289099999999,2.0,22.2
252,1003.0,1.0,1101.0,2146.0,106.0,804.76508,64.0,46.26
253,393.0,1.0,443.0,705.0,57.0,696.40743,84.0,51.44
254,387.0,1.0,437.0,677.0,57.0,994.6469900000001,46.0,91.53
255,672.0,1.0,752.0,1377.0,8.0,30121.0,350.0,61.7
256,215.0,1.0,260.0,407.0,49.0,998.94121,38.0,47.82
257,485.0,1.0,548.0,1056.0,69.0,190.10351,2.0,80.3
258,496.0,1.0,559.0,1071.0,69.0,655.27352,8.0,85.94
259,391.0,1.0,441.0,703.0,57.0,533.3846599999999,61.0,33.21
260,958.0,0.0,1052.0,2063.0,90.0,925.1341,25.0,85.88
261,919.0,0.0,1010.0,2011.0,90.0,483.18658,29.0,57.11
262,804.0,0.0,889.0,1625.0,90.0,614.3470900000001,42.0,94.31
263,109.0,1.0,152.0,233.0,106.0,253.25274,7.0,55.13
264,599.0,0.0,665.0,1244.0,90.0,663.63097,71.0,40.48
265,896.0,1.0,987.0,1757.0,106.0,166.14344,6.0,89.11
266,866.0,1.0,956.0,1720.0,106.0,677.6491,76.0,23.2
267,216.0,1.0,261.0,410.0,49.0,320.17641000000003,6.0,18.92
268,401.0,1.0,451.0,715.0,57.0,685.59252,5.0,18.65
269,467.0,1.0,528.0,1032.0,69.0,944.94145,12.0,42.87
270,433.0,1.0,491.0,765.0,69.0,857.73864,83.0,62.11
271,26.0,1.0,27.0,35.0,3.0,910.1428,7.0,52.93
272,341.0,1.0,391.0,621.0,57.0,5917.0,485.0,87.31
273,223.0,1.0,268.0,417.0,49.0,126.7825,86.0,52.74
274,936.0,0.0,1030.0,2034.0,90.0,864.60963,84.0,55.1
275,816.0,0.0,901.0,1626.0,90.0,407.33128999999997,8.0,18.69
276,904.0,0.0,995.0,1771.0,90.0,94.8774,9.0,58.17
277,30.0,1.0,31.0,41.0,11.0,735.34442,1.0,41.52
278,674.0,1.0,754.0,1401.0,8.0,4220.0,80.0,8.24
279,581.0,1.0,646.0,1221.0,52.0,240.377,4.0,43.68
280,466.0,1.0,527.0,1031.0,69.0,995.36755,3.0,7.36
281,382.0,1.0,432.0,672.0,57.0,768.5350599999999,56.0,9.8
282,248.0,1.0,293.0,450.0,49.0,978.50455,2.0,4.63
283,441.0,1.0,500.0,776.0,69.0,901.66385,68.0,24.45
284,370.0,1.0,420.0,656.0,57.0,565.38278,75.0,24.97
285,459.0,1.0,520.0,1022.0,69.0,918.3425900000001,76.0,32.41
286,240.0,1.0,285.0,440.0,49.0,96.0,14.0,16.88
287,530.0,1.0,595.0,1136.0,61.0,790.1750599999999,4.0,8.14
288,227.0,1.0,272.0,423.0,49.0,3306.0,60.0,43.75
289,371.0,1.0,421.0,657.0,57.0,601.38518,9.0,74.21
290,683.0,1.0,763.0,1412.0,8.0,450.6682,5.0,43.67
291,687.0,1.0,767.0,1416.0,8.0,181.2457,98.0,12.38
292,676.0,1.0,756.0,1403.0,8.0,24.1065,6.0,96.69
293,842.0,1.0,929.0,1665.0,106.0,61.4735,43.0,92.87
294,977.0,1.0,1075.0,2112.0,106.0,721.385,14.0,96.94
295,843.0,1.0,930.0,1666.0,106.0,312.28875,6.0,51.59
296,927.0,1.0,1019.0,2021.0,106.0,494.37647000000004,74.0,81.1
297,849.0,1.0,938.0,1676.0,106.0,266.18925,9.0,35.73
298,749.0,1.0,830.0,1515.0,1.0,148.5801,6.0,88.74
299,701.0,1.0,781.0,1434.0,39.0,981.931,95.0,55.15
300,536.0,1.0,601.0,1144.0,71.0,664.32144,24.0,69.81
301,443.0,1.0,502.0,1000.0,69.0,977.47755,76.0,77.76
302,472.0,1.0,533.0,1037.0,69.0,221.88,4.0,72.59
303,908.0,0.0,999.0,1775.0,90.0,791.50157,31.0,58.67
304,551.0,1.0,616.0,1163.0,61.0,162.1065,96.0,53.51
305,935.0,0.0,1029.0,2033.0,90.0,556.1434,48.0,15.62
306,54.0,1.0,84.0,130.0,104.0,155.188,15.0,64.64
307,388.0,1.0,438.0,700.0,57.0,446.2048,32.0,36.45
308,434.0,1.0,492.0,766.0,69.0,398.11548999999997,96.0,58.7
309,506.0,1.0,571.0,1106.0,69.0,989.72414,58.0,83.88
310,535.0,1.0,600.0,1143.0,72.0,460.42094000000003,6.0,74.67
311,527.0,1.0,592.0,1133.0,59.0,676.39383,76.0,95.32
312,890.0,1.0,981.0,1751.0,104.0,377.4158,31.0,69.56
313,52.0,1.0,82.0,126.0,104.0,451.43512000000004,48.0,25.89
314,886.0,1.0,977.0,1746.0,104.0,749.1153400000001,6.0,70.57
315,106.0,0.0,149.0,230.0,90.0,76.5336,72.0,11.5
316,53.0,1.0,83.0,127.0,104.0,554.52912,54.0,90.22
317,49.0,1.0,79.0,123.0,104.0,624.42612,96.0,12.84
318,50.0,1.0,80.0,124.0,104.0,223.16519,84.0,9.37
319,892.0,1.0,983.0,1753.0,104.0,114.4928,22.0,30.6
320,888.0,1.0,979.0,1745.0,104.0,396.32800000000003,68.0,8.89
321,887.0,1.0,978.0,1747.0,104.0,404.3825,72.0,22.99
322,338.0,1.0,386.0,612.0,54.0,349.3584,23.0,79.1
323,247.0,1.0,292.0,447.0,49.0,286.27724,84.0,27.27
324,47.0,1.0,77.0,121.0,104.0,571.27956,16.0,35.22
325,671.0,1.0,751.0,1376.0,8.0,602.556,72.0,17.68
326,1.0,1.0,1.0,2.0,38.0,720.68925,6.0,70.72
327,519.0,1.0,584.0,1123.0,62.0,788.13451,16.0,77.1
328,789.0,1.0,873.0,1576.0,95.0,210.14601000000002,3.0,90.33
329,682.0,1.0,762.0,1411.0,8.0,914.25756,52.0,22.58
330,505.0,1.0,570.0,1105.0,69.0,572.8248,24.0,42.81
331,29.0,1.0,30.0,40.0,11.0,669.59842,5.0,13.58
332,439.0,1.0,498.0,774.0,69.0,324.32124,6.0,93.44
333,549.0,1.0,614.0,1161.0,61.0,190.1594,1.0,11.69
334,51.0,1.0,81.0,125.0,104.0,681.8063,4.0,80.7
335,1028.0,0.0,1127.0,2201.0,90.0,570.1345,2.0,73.46
336,924.0,0.0,1016.0,2016.0,90.0,323.27222,44.0,94.23
337,205.0,0.0,250.0,375.0,90.0,210.9714,6.0,24.87
338,48.0,1.0,78.0,122.0,104.0,424.27317999999997,32.0,40.22
339,303.0,1.0,350.0,545.0,53.0,871.5297400000001,22.0,65.15
340,468.0,1.0,529.0,1033.0,69.0,150.9586,5.0,20.55
341,891.0,1.0,982.0,1752.0,104.0,176.15753,76.0,50.2
342,100.0,0.0,143.0,222.0,90.0,4895.0,100.0,6.5
343,502.0,1.0,567.0,1102.0,69.0,447.17235999999997,32.0,87.45
344,445.0,1.0,504.0,1002.0,69.0,364.26124,28.0,50.2
345,344.0,1.0,394.0,624.0,57.0,817.7911799999999,28.0,85.56
346,402.0,1.0,452.0,716.0,57.0,717.51,21.0,98.51
347,405.0,1.0,455.0,721.0,57.0,225.6736,5.0,93.75
348,978.0,1.0,1076.0,2113.0,106.0,222.11444,1.0,16.88
349,260.0,0.0,306.0,470.0,90.0,778.74158,96.0,35.59
350,893.0,1.0,984.0,1754.0,104.0,941.70433,85.0,52.93
351,104.0,0.0,147.0,226.0,90.0,268.10135,76.0,85.79
352,661.0,0.0,740.0,1363.0,90.0,84.0,56.0,84.38
353,237.0,1.0,282.0,435.0,49.0,584.1458200000001,48.0,43.96
354,236.0,1.0,281.0,434.0,49.0,563.13765,35.0,70.16
355,235.0,1.0,280.0,433.0,49.0,320.1481,6.0,51.56
356,229.0,1.0,274.0,425.0,49.0,576.33505,92.0,60.82
357,251.0,1.0,296.0,453.0,49.0,636.56438,64.0,26.18
358,824.0,1.0,910.0,1642.0,106.0,855.4445099999999,45.0,10.38
359,469.0,1.0,530.0,1034.0,69.0,378.2993,76.0,54.5
360,246.0,1.0,291.0,446.0,49.0,488.4532,56.0,78.19
361,533.0,1.0,598.0,1141.0,72.0,785.4539599999999,55.0,81.22
362,75.0,0.0,118.0,170.0,90.0,544.40925,12.0,30.53
363,557.0,1.0,622.0,1171.0,71.0,231.10852000000003,38.0,55.87
364,532.0,1.0,597.0,1140.0,59.0,207.76,59.0,84.97
365,0.0,1.0,0.0,1.0,37.0,446.84275999999994,16.0,61.83
366,649.0,1.0,722.0,1337.0,36.0,258.25257999999997,2.0,20.35
367,28.0,1.0,29.0,37.0,9.0,424.37384000000003,8.0,85.31
368,394.0,1.0,444.0,706.0,57.0,29468.0,424.0,68.33
369,901.0,0.0,992.0,1766.0,90.0,278.24294,42.0,95.71
370,688.0,1.0,768.0,1417.0,8.0,33.0,7.0,14.5
371,526.0,1.0,591.0,1132.0,61.0,463.3055,8.0,92.4
372,461.0,1.0,522.0,1024.0,69.0,14399.0,350.0,55.25
373,202.0,1.0,247.0,372.0,47.0,705.1522,95.0,55.41
374,408.0,1.0,458.0,727.0,54.0,62.5471,5.0,68.7
375,357.0,1.0,407.0,641.0,57.0,512.35205,12.0,46.3
376,768.0,1.0,850.0,1542.0,106.0,80.7828,8.0,20.84
377,488.0,1.0,551.0,1061.0,69.0,216.17072000000002,64.0,1.46
378,508.0,1.0,573.0,1110.0,69.0,485.35438,95.0,5.91
379,340.0,1.0,390.0,620.0,57.0,394.4251,26.0,12.23
380,444.0,1.0,503.0,1001.0,69.0,909.48995,1.0,86.54
381,208.0,1.0,253.0,400.0,72.0,137.8452,9.0,58.25
382,538.0,1.0,603.0,1146.0,61.0,891.72367,2.0,60.18
383,442.0,1.0,501.0,777.0,69.0,951.7851400000001,56.0,45.32
384,13.0,1.0,13.0,21.0,34.0,562.20692,84.0,47.1
385,33.0,1.0,34.0,44.0,31.0,367.34882999999996,35.0,43.59
386,494.0,1.0,557.0,1067.0,69.0,312.1297,92.0,85.57
387,374.0,1.0,424.0,662.0,57.0,327.8616,45.0,17.63
388,359.0,1.0,409.0,643.0,57.0,756.48603,24.0,98.83
389,404.0,1.0,454.0,720.0,57.0,190.11531000000002,1.0,77.48
390,102.0,0.0,145.0,224.0,90.0,262.7291,46.0,77.92
391,367.0,1.0,417.0,653.0,57.0,376.30782999999997,12.0,59.28
392,373.0,1.0,423.0,661.0,57.0,979.7557,88.0,1.5
393,748.0,1.0,829.0,1514.0,1.0,54.0,2.0,10.27
394,552.0,1.0,617.0,1164.0,61.0,2536.0,50.0,93.17
395,375.0,1.0,425.0,663.0,57.0,586.35101,4.0,53.63
396,745.0,2.0,825.0,1510.0,109.0,949.69438,33.0,56.47
397,779.0,2.0,862.0,1557.0,109.0,20114.0,356.0,88.93
398,273.0,2.0,319.0,506.0,109.0,40.707,2.0,26.9
399,897.0,2.0,988.0,1760.0,109.0,769.4146400000001,48.0,10.79
400,274.0,2.0,320.0,507.0,109.0,808.57141,76.0,12.2
401,906.0,2.0,997.0,1773.0,109.0,792.4969,8.0,76.73
402,976.0,2.0,1074.0,2111.0,109.0,936.50441,4.0,40.21
403,876.0,2.0,966.0,1732.0,109.0,6325.0,125.0,96.84
404,276.0,2.0,322.0,511.0,109.0,345.31163,85.0,6.4
405,994.0,2.0,1092.0,2135.0,109.0,493.5068,4.0,28.38
406,587.0,2.0,652.0,1227.0,109.0,174.10902,84.0,42.93
407,971.0,2.0,1069.0,2103.0,109.0,558.8068,68.0,41.93
408,626.0,2.0,693.0,1303.0,109.0,148.2406,48.0,11.52
409,992.0,2.0,1090.0,2133.0,109.0,559.5930000000001,99.0,80.13
410,774.0,2.0,857.0,1552.0,109.0,129.5583,12.0,39.76
411,1004.0,2.0,1102.0,2147.0,109.0,63172.0,929.0,94.23
412,634.0,1.0,705.0,1316.0,7.0,40.3271,6.0,44.69
413,769.0,2.0,851.0,1543.0,109.0,4499.0,409.0,27.42
414,531.0,1.0,596.0,1137.0,61.0,924.65021,88.0,58.9
415,853.0,2.0,942.0,1702.0,109.0,838.62674,2.0,98.48
416,66.0,2.0,108.0,156.0,109.0,954.5094300000001,6.0,68.76
417,903.0,2.0,994.0,1770.0,109.0,554.2242,38.0,22.73
418,931.0,2.0,1024.0,2026.0,109.0,131.256,76.0,64.29
419,781.0,2.0,864.0,1561.0,109.0,85.3396,6.0,26.3
420,875.0,2.0,965.0,1731.0,109.0,743.2862700000001,79.0,4.12
421,995.0,2.0,1093.0,2136.0,109.0,487.11327,62.0,69.2
422,907.0,2.0,998.0,1774.0,109.0,753.57,21.0,86.5
423,926.0,2.0,1018.0,2020.0,109.0,692.40378,2.0,17.85
424,990.0,2.0,1088.0,2131.0,109.0,886.5603,64.0,44.29
425,900.0,2.0,991.0,1765.0,109.0,408.20599,92.0,77.72
426,851.0,2.0,940.0,1700.0,109.0,557.16754,56.0,81.87
427,258.0,2.0,303.0,464.0,109.0,934.3404400000001,3.0,55.34
428,643.0,1.0,716.0,1331.0,31.0,736.20872,96.0,47.52
429,36.0,1.0,37.0,47.0,74.0,112.1153,6.0,67.75
430,589.0,2.0,655.0,1232.0,109.0,661.10291,77.0,64.9
431,780.0,0.0,863.0,1560.0,90.0,202.15091,42.0,42.79
432,431.0,1.0,485.0,757.0,71.0,779.24896,84.0,7.72
433,870.0,0.0,960.0,1724.0,90.0,697.2387200000001,25.0,26.35
434,656.0,1.0,731.0,1350.0,86.0,657.16313,31.0,59.9
435,582.0,1.0,647.0,1222.0,52.0,707.64124,9.0,0.88
436,460.0,1.0,521.0,1023.0,69.0,258.23782,44.0,78.23
437,437.0,1.0,495.0,771.0,69.0,237.16162999999997,4.0,20.31
438,680.0,1.0,760.0,1407.0,8.0,12753.0,130.0,63.88
439,635.0,1.0,706.0,1317.0,9.0,876.4118900000001,52.0,80.25
440,657.0,1.0,732.0,1351.0,86.0,332.15245,44.0,87.58
441,573.0,1.0,638.0,1211.0,52.0,186.11976,54.0,69.67
442,515.0,1.0,580.0,1117.0,66.0,698.37922,34.0,76.38
443,482.0,1.0,545.0,1053.0,69.0,27360.0,960.0,47.58
444,788.0,1.0,872.0,1566.0,95.0,995.19561,7.0,97.29
445,222.0,1.0,267.0,416.0,49.0,258.1106,46.0,9.68
446,684.0,1.0,764.0,1413.0,8.0,240.18657000000002,6.0,65.9
447,912.0,0.0,1003.0,2002.0,90.0,930.6225400000001,2.0,45.92
448,440.0,1.0,499.0,775.0,69.0,824.15202,8.0,69.72
449,558.0,1.0,623.0,1172.0,61.0,203.9522,73.0,94.74
450,1013.0,0.0,1111.0,2160.0,90.0,999.35924,4.0,72.17
451,378.0,1.0,428.0,666.0,57.0,343.6966,33.0,4.19
452,918.0,0.0,1009.0,2010.0,90.0,983.9505,61.0,58.54
453,16.0,1.0,16.0,24.0,86.0,536.2696,8.0,69.5
454,568.0,1.0,633.0,1204.0,68.0,543.12369,54.0,23.81
455,574.0,1.0,639.0,1212.0,52.0,941.55829,53.0,0.17
456,396.0,1.0,446.0,710.0,57.0,424.72,8.0,61.86
457,358.0,1.0,408.0,642.0,57.0,778.17683,94.0,37.1
458,471.0,1.0,532.0,1036.0,69.0,744.33145,2.0,6.93
459,507.0,1.0,572.0,1107.0,69.0,663.3193,8.0,49.33
460,495.0,1.0,558.0,1070.0,69.0,991.21296,59.0,86.5
461,470.0,1.0,531.0,1035.0,69.0,67.0,49.0,71.13
462,785.0,1.0,869.0,1763.0,106.0,91.7591,22.0,14.52
463,667.0,1.0,747.0,1372.0,8.0,610.48787,8.0,60.69
464,189.0,1.0,233.0,352.0,106.0,335.28418,5.0,29.94
465,475.0,1.0,536.0,1042.0,69.0,322.2157,78.0,52.63
466,486.0,1.0,549.0,1057.0,69.0,58.58,58.0,95.39
467,356.0,1.0,406.0,640.0,57.0,96.0,27.0,92.57
468,945.0,1.0,1039.0,2046.0,106.0,906.68665,74.0,31.43
469,944.0,0.0,1038.0,2045.0,90.0,625.46393,75.0,3.62
470,67.0,1.0,109.0,157.0,106.0,710.2925,2.0,88.25
471,481.0,1.0,544.0,1052.0,69.0,765.7575,3.0,88.83
472,377.0,1.0,427.0,665.0,57.0,515.40288,45.0,30.25
473,677.0,1.0,757.0,1404.0,8.0,626.3011,6.0,24.22
474,480.0,1.0,543.0,1051.0,69.0,679.2449799999999,32.0,39.53
475,590.0,2.0,656.0,1233.0,109.0,115.10333,9.0,31.55
476,363.0,1.0,413.0,647.0,57.0,422.36312999999996,1.0,22.92
477,384.0,1.0,434.0,674.0,57.0,545.2593099999999,1.0,16.5
478,453.0,1.0,514.0,1014.0,69.0,363.28789,53.0,51.87
479,681.0,1.0,761.0,1410.0,8.0,148.4478,48.0,75.0
480,239.0,1.0,284.0,437.0,49.0,665.11225,2.0,10.34
481,447.0,1.0,508.0,1006.0,69.0,867.67495,95.0,25.3
482,214.0,1.0,259.0,406.0,49.0,695.3969099999999,45.0,0.28
483,830.0,1.0,916.0,1650.0,106.0,223.7648,9.0,44.37
484,361.0,1.0,411.0,645.0,57.0,360.1483,2.0,37.61
485,283.0,0.0,329.0,556.0,90.0,721.44579,43.0,48.13
486,650.0,1.0,723.0,1340.0,38.0,940.40974,6.0,67.92
487,501.0,1.0,566.0,1101.0,69.0,804.6407,88.0,59.34
488,871.0,1.0,961.0,1725.0,106.0,195.12753999999998,95.0,43.4
489,1012.0,0.0,1110.0,2157.0,90.0,345.3094,65.0,58.14
490,979.0,1.0,1077.0,2114.0,106.0,376.24947000000003,6.0,18.39
491,232.0,1.0,277.0,430.0,49.0,490.21403,2.0,61.82
492,69.0,1.0,111.0,161.0,106.0,836.48145,24.0,27.29
493,68.0,1.0,110.0,160.0,106.0,214.1572,44.0,77.68
494,782.0,1.0,865.0,1636.0,106.0,82.0,78.0,31.96
495,101.0,0.0,144.0,223.0,90.0,549.51046,2.0,97.78
496,321.0,1.0,368.0,570.0,106.0,664.30563,92.0,48.76
497,188.0,1.0,232.0,351.0,106.0,197.17121,27.0,3.42
498,566.0,1.0,631.0,1202.0,61.0,127.8478,52.0,71.53
499,518.0,1.0,583.0,1122.0,61.0,493.7602,6.0,94.24
500,562.0,1.0,627.0,1200.0,68.0,404.4726,8.0,86.19
501,17.0,1.0,17.0,25.0,86.0,93.8447,19.0,29.2
502,270.0,1.0,316.0,503.0,106.0,45087.0,570.0,79.24
503,103.0,0.0,146.0,225.0,90.0,185.673,4.0,18.18
504,451.0,1.0,512.0,1012.0,69.0,4725.0,90.0,68.2
505,544.0,1.0,609.0,1154.0,61.0,321.19147000000004,65.0,98.53
506,1037.0,0.0,1137.0,1520.0,90.0,674.44012,2.0,44.72
507,143.0,1.0,187.0,276.0,106.0,148.8652,8.0,99.15
508,206.0,1.0,251.0,376.0,106.0,352.18106,88.0,18.45
509,157.0,1.0,201.0,312.0,106.0,937.1067199999999,43.0,73.68
510,158.0,1.0,202.0,313.0,106.0,981.28635,39.0,82.56
511,177.0,1.0,221.0,336.0,106.0,531.45735,3.0,48.88
512,911.0,1.0,1002.0,2001.0,106.0,469.102,75.0,53.9
513,259.0,1.0,305.0,466.0,106.0,813.68194,44.0,71.77
514,192.0,1.0,236.0,356.0,106.0,743.4688,33.0,65.77
515,611.0,0.0,677.0,1263.0,90.0,833.12769,89.0,67.78
516,757.0,0.0,839.0,1527.0,90.0,387.19628,64.0,67.8
517,946.0,1.0,1040.0,2047.0,92.0,633.46386,24.0,77.85
518,914.0,0.0,1005.0,2004.0,90.0,331.9155,46.0,94.0
519,207.0,1.0,252.0,377.0,106.0,286.26177,58.0,46.29
520,869.0,0.0,959.0,1723.0,90.0,194.11882,5.0,5.86
521,1021.0,1.0,1119.0,2171.0,106.0,865.5613,85.0,52.5
522,312.0,1.0,359.0,557.0,106.0,138.2808,3.0,63.73
523,755.0,2.0,837.0,1525.0,109.0,361.2256,25.0,79.31
524,525.0,1.0,590.0,1131.0,61.0,589.56673,58.0,64.7
525,733.0,1.0,813.0,1474.0,106.0,352.30814,8.0,8.59
526,873.0,1.0,963.0,1727.0,92.0,207.8584,29.0,49.22
527,593.0,1.0,659.0,1236.0,92.0,179.9159,43.0,66.47
528,178.0,1.0,222.0,337.0,106.0,348.27356000000003,28.0,14.16
529,861.0,1.0,951.0,1707.0,106.0,658.13212,64.0,37.32
530,813.0,0.0,898.0,1617.0,90.0,133.9013,41.0,92.18
531,636.0,1.0,708.0,1320.0,11.0,406.31144,26.0,41.14
532,148.0,1.0,192.0,303.0,106.0,546.1275400000001,56.0,60.95
533,186.0,1.0,230.0,347.0,106.0,319.25,96.0,17.88
534,333.0,0.0,380.0,604.0,90.0,83.0,41.0,97.61
535,85.0,0.0,128.0,202.0,88.0,437.30217999999996,55.0,29.18
536,609.0,0.0,675.0,1256.0,90.0,417.1645,65.0,36.94
537,612.0,0.0,678.0,1264.0,90.0,904.4874300000001,68.0,99.73
538,161.0,1.0,205.0,316.0,106.0,316.3308,52.0,63.91
539,825.0,1.0,911.0,1643.0,106.0,231.5419,26.0,7.92
540,812.0,0.0,897.0,1616.0,90.0,740.1055200000001,4.0,73.83
541,64.0,0.0,106.0,154.0,90.0,48.0,8.0,44.55
542,111.0,1.0,154.0,235.0,106.0,588.1773400000001,8.0,0.4
543,190.0,1.0,234.0,354.0,106.0,135.1252,8.0,69.9
544,759.0,1.0,841.0,1531.0,106.0,249.1625,97.0,78.95
545,268.0,0.0,314.0,500.0,90.0,911.2787599999999,6.0,66.99
546,9.0,1.0,9.0,13.0,14.0,510.49397999999997,6.0,19.24
547,981.0,0.0,1079.0,2116.0,90.0,238.21274,82.0,93.6
548,641.0,1.0,714.0,1327.0,14.0,170.8182,1.0,57.65
549,59.0,0.0,99.0,145.0,90.0,95.0,5.0,8.83
550,865.0,0.0,955.0,1717.0,90.0,952.6184099999999,92.0,31.7
551,767.0,0.0,849.0,1541.0,90.0,770.52075,1.0,5.17
552,738.0,0.0,818.0,1501.0,90.0,474.33563,94.0,36.8
553,835.0,0.0,921.0,1655.0,90.0,890.7342,5.0,99.2
554,76.0,0.0,119.0,171.0,90.0,370.3566,6.0,28.5
555,1035.0,0.0,1135.0,1261.0,90.0,103.9345,19.0,67.1
556,847.0,1.0,935.0,1673.0,98.0,677.28048,11.0,57.75
557,311.0,1.0,358.0,555.0,90.0,966.8208099999999,2.0,54.48
558,1036.0,0.0,1136.0,1262.0,90.0,84.0,18.0,10.1
559,808.0,0.0,893.0,1612.0,90.0,515.34541,5.0,44.3
560,999.0,0.0,1097.0,2142.0,90.0,847.4892199999999,72.0,79.4
561,293.0,0.0,340.0,532.0,90.0,963.82394,28.0,60.92
562,803.0,0.0,888.0,1624.0,90.0,397.22676,64.0,12.53
563,997.0,0.0,1095.0,2140.0,90.0,618.3308099999999,54.0,29.8
564,731.0,0.0,811.0,1472.0,90.0,798.28097,58.0,40.95
565,1041.0,0.0,1141.0,1604.0,90.0,332.26599,84.0,60.75
566,616.0,0.0,682.0,1270.0,90.0,660.33019,8.0,4.16
567,729.0,1.0,809.0,1470.0,110.0,854.77167,44.0,21.49
568,1000.0,0.0,1098.0,2143.0,90.0,529.26862,62.0,41.76
569,4.0,1.0,4.0,6.0,111.0,15964.0,520.0,59.47
570,1032.0,0.0,1132.0,467.0,90.0,772.57645,24.0,76.51
571,833.0,0.0,919.0,1653.0,90.0,547.3958,92.0,52.18
572,898.0,0.0,989.0,1761.0,90.0,677.35928,39.0,10.44
573,1038.0,0.0,1138.0,1601.0,90.0,198.15948,9.0,41.78
574,600.0,0.0,666.0,1245.0,90.0,852.21206,28.0,13.9
575,670.0,1.0,750.0,1375.0,8.0,488.44212000000005,8.0,48.77
576,522.0,1.0,587.0,1126.0,70.0,597.25987,41.0,7.97
577,872.0,1.0,962.0,1726.0,92.0,426.25490999999994,84.0,38.56
578,706.0,1.0,786.0,1441.0,108.0,41.3205,38.0,55.75
579,428.0,1.0,481.0,752.0,60.0,70.4069,8.0,91.96
580,55.0,1.0,60.0,76.0,80.0,59.0,17.0,14.42
581,55.0,1.0,304.0,465.0,96.0,512.2973099999999,84.0,73.22
582,55.0,1.0,103.0,150.0,42.0,752.24455,4.0,48.16
583,55.0,1.0,488.0,761.0,58.0,76.0,1.0,73.7
584,55.0,1.0,57.0,72.0,79.0,875.8111,25.0,97.76
585,55.0,1.0,1131.0,2205.0,58.0,604.1479099999999,96.0,42.31
586,325.0,1.0,372.0,574.0,106.0,315.3852,45.0,40.49
587,55.0,1.0,92.0,137.0,81.0,687.19339,5.0,28.95
588,55.0,1.0,1063.0,2076.0,96.0,883.6107699999999,11.0,14.64
589,55.0,1.0,856.0,1551.0,42.0,970.52942,6.0,54.7
590,55.0,1.0,52.0,67.0,82.0,29484.0,324.0,54.33
591,55.0,1.0,868.0,1762.0,110.0,943.6139800000001,73.0,61.93
592,55.0,1.0,76.0,116.0,79.0,57.4126,23.0,78.77
593,55.0,1.0,258.0,404.0,58.0,730.24243,3.0,15.42
594,55.0,1.0,1121.0,2173.0,88.0,182.16891,42.0,17.7
595,55.0,1.0,242.0,365.0,58.0,435.64300000000003,8.0,19.62
596,55.0,1.0,94.0,141.0,79.0,28.487,2.0,20.28
597,55.0,1.0,685.0,1273.0,83.0,481.45055,27.0,43.53
598,55.0,1.0,507.0,1005.0,58.0,611.40985,88.0,19.16
599,55.0,1.0,104.0,152.0,55.0,216.403,92.0,3.37
600,55.0,1.0,654.0,1231.0,88.0,304.17446,56.0,96.22
601,55.0,1.0,155.0,236.0,55.0,234.15358999999998,76.0,6.6
602,55.0,1.0,466.0,723.0,58.0,918.8756800000001,2.0,58.26
603,957.0,0.0,1051.0,2062.0,90.0,698.21365,78.0,55.91
604,55.0,1.0,700.0,1305.0,76.0,451.26401,54.0,14.29
605,55.0,1.0,564.0,1076.0,58.0,324.13536,72.0,22.16
606,55.0,1.0,878.0,1567.0,58.0,91.1881,88.0,70.37
607,750.0,0.0,832.0,1517.0,90.0,363.24429,9.0,0.37
608,980.0,0.0,1078.0,2115.0,90.0,843.4476300000001,3.0,57.83
609,55.0,1.0,1014.0,2043.0,88.0,551.44305,91.0,86.96
610,55.0,1.0,345.0,537.0,58.0,662.3503900000001,66.0,91.51
611,55.0,1.0,484.0,756.0,58.0,113.8777,84.0,48.41
612,55.0,0.0,831.0,1516.0,42.0,291.25931,1.0,76.71
613,534.0,1.0,599.0,1142.0,65.0,218.18957000000003,28.0,81.22
614,463.0,1.0,524.0,1026.0,69.0,863.1543,44.0,82.8
615,55.0,1.0,87.0,133.0,88.0,670.46879,9.0,95.47
616,88.0,1.0,131.0,206.0,106.0,685.8432,35.0,7.16
617,46.0,1.0,22.0,20.0,28.0,413.9928,52.0,14.47
618,296.0,0.0,343.0,535.0,90.0,788.13301,44.0,95.41
619,317.0,1.0,364.0,564.0,106.0,48048.0,520.0,59.65
620,107.0,1.0,150.0,231.0,106.0,982.13394,48.0,76.24
621,832.0,1.0,918.0,1652.0,106.0,34.0,11.0,28.53
622,266.0,0.0,312.0,476.0,90.0,779.10002,36.0,12.89
623,141.0,1.0,185.0,274.0,106.0,461.33749000000006,81.0,74.5
624,310.0,0.0,357.0,553.0,90.0,670.20455,1.0,8.39
625,693.0,1.0,773.0,1424.0,15.0,507.32847999999996,53.0,81.8
626,96.0,1.0,139.0,216.0,106.0,618.19232,16.0,6.58
627,95.0,1.0,138.0,215.0,106.0,186.3809,28.0,50.72
628,942.0,1.0,1036.0,2042.0,106.0,48.0,16.0,54.47
629,197.0,1.0,241.0,364.0,106.0,517.5299,25.0,54.59
630,194.0,1.0,238.0,361.0,106.0,370.9727,3.0,83.66
631,615.0,0.0,681.0,1267.0,90.0,314.17125,56.0,62.36
632,617.0,0.0,683.0,1271.0,90.0,407.8225,47.0,46.98
633,55.0,1.0,877.0,1564.0,58.0,753.69434,13.0,46.91
634,25.0,1.0,26.0,34.0,3.0,791.53004,91.0,73.5
635,55.0,1.0,86.0,132.0,88.0,978.90279,18.0,96.57
636,885.0,1.0,976.0,1744.0,106.0,458.34024000000005,82.0,85.36
637,55.0,1.0,89.0,134.0,79.0,798.48159,3.0,20.53
638,70.0,1.0,112.0,162.0,106.0,787.58552,8.0,11.18
639,77.0,0.0,120.0,172.0,90.0,968.24596,88.0,11.7
640,55.0,1.0,90.0,135.0,81.0,103.5423,98.0,1.41
641,621.0,1.0,688.0,1276.0,104.0,565.96,5.0,66.76
642,55.0,1.0,54.0,70.0,88.0,959.37592,8.0,74.9
643,937.0,1.0,1031.0,2035.0,106.0,982.72108,26.0,22.78
644,622.0,1.0,689.0,1277.0,106.0,428.12548,96.0,28.72
645,743.0,0.0,823.0,1506.0,90.0,832.3385400000001,8.0,30.57
646,970.0,0.0,1068.0,2102.0,90.0,68.9,44.0,76.85
647,740.0,0.0,820.0,1503.0,90.0,759.46116,84.0,52.4
648,319.0,1.0,366.0,566.0,106.0,660.3657,6.0,64.39
649,55.0,1.0,734.0,1353.0,76.0,186.15408,24.0,59.33
650,55.0,1.0,737.0,1356.0,76.0,266.11307,66.0,90.1
651,55.0,1.0,62.0,77.0,88.0,491.43767,74.0,25.2
652,753.0,1.0,835.0,1523.0,106.0,65.332,15.0,33.77
653,55.0,1.0,698.0,1310.0,77.0,852.35051,28.0,21.32
654,55.0,1.0,1065.0,2077.0,88.0,333.24352000000005,29.0,73.56
655,55.0,1.0,735.0,1354.0,76.0,651.2546,61.0,82.58
656,55.0,1.0,927.0,1662.0,42.0,201.1058,64.0,15.71
657,55.0,1.0,113.0,203.0,84.0,944.5554400000001,96.0,90.7
658,844.0,1.0,931.0,1667.0,106.0,50117.0,575.0,23.4
659,55.0,1.0,464.0,614.0,42.0,801.42957,63.0,25.29
660,55.0,1.0,932.0,1670.0,42.0,898.67664,3.0,92.4
661,55.0,1.0,88.0,120.0,79.0,830.12134,6.0,80.66
662,923.0,0.0,1015.0,2015.0,90.0,108.97399999999999,16.0,62.66
663,55.0,1.0,695.0,1304.0,42.0,523.4782799999999,35.0,86.83
664,55.0,1.0,694.0,1361.0,42.0,219.10152000000002,84.0,57.39
665,55.0,1.0,48.0,62.0,80.0,377.13308,1.0,15.57
666,55.0,1.0,563.0,1077.0,58.0,977.1278800000001,93.0,89.86
667,55.0,1.0,47.0,61.0,89.0,115.9695,65.0,41.5
668,520.0,1.0,585.0,1124.0,70.0,538.10555,56.0,78.65
669,55.0,1.0,743.0,1366.0,42.0,789.55285,23.0,51.17
670,97.0,0.0,140.0,217.0,90.0,853.25598,53.0,2.9
671,55.0,1.0,46.0,60.0,101.0,122.5206,96.0,7.78
672,55.0,1.0,707.0,1321.0,76.0,70389.0,825.0,2.73
673,55.0,1.0,51.0,64.0,83.0,507.44316,87.0,15.3
674,55.0,1.0,1021.0,2023.0,42.0,287.26099,78.0,12.97
675,55.0,1.0,56.0,73.0,88.0,884.45119,36.0,95.17
676,170.0,1.0,214.0,327.0,106.0,773.2846900000001,59.0,24.89
677,55.0,1.0,541.0,1047.0,58.0,973.30844,1.0,64.49
678,55.0,1.0,542.0,1050.0,58.0,446.2305,82.0,60.36
679,55.0,1.0,1057.0,2070.0,96.0,178.8851,94.0,30.78
680,55.0,1.0,50.0,65.0,84.0,335.21932000000004,45.0,59.17
681,55.0,1.0,58.0,74.0,79.0,179.17098000000001,8.0,14.6
682,55.0,1.0,902.0,1627.0,42.0,56.2818,48.0,81.39
683,938.0,1.0,1032.0,2036.0,106.0,593.5176,89.0,84.5
684,55.0,1.0,1060.0,2073.0,42.0,369.51199999999994,91.0,73.43
685,55.0,1.0,478.0,747.0,42.0,155.10527,6.0,39.45
686,55.0,1.0,937.0,1675.0,98.0,903.6247800000001,57.0,47.2
687,55.0,1.0,852.0,1544.0,58.0,870.3697,5.0,85.54
688,55.0,2.0,1085.0,2125.0,42.0,218.5528,48.0,90.73
689,55.0,1.0,465.0,722.0,58.0,803.42261,89.0,42.38
690,55.0,1.0,496.0,772.0,58.0,264.26011,92.0,15.33
691,55.0,1.0,257.0,401.0,58.0,358.17118999999997,56.0,53.92
692,55.0,1.0,489.0,763.0,58.0,59.422,27.0,42.8
693,55.0,1.0,490.0,764.0,58.0,218.20543999999998,32.0,18.72
694,55.0,1.0,487.0,762.0,58.0,913.3122,46.0,54.54
695,55.0,1.0,91.0,136.0,81.0,27768.0,445.0,50.3
696,806.0,0.0,891.0,1610.0,90.0,224.12247999999997,32.0,20.21
697,55.0,1.0,480.0,751.0,58.0,729.31638,6.0,39.1
698,55.0,1.0,730.0,1347.0,76.0,266.23554,3.0,93.67
699,55.0,1.0,74.0,117.0,79.0,648.59771,52.0,95.99
700,55.0,1.0,505.0,1004.0,58.0,177.11997,6.0,94.16
701,55.0,1.0,970.0,1736.0,42.0,678.44734,44.0,1.7000000000000002
702,55.0,1.0,49.0,63.0,79.0,843.5319,33.0,29.32
703,55.0,1.0,323.0,512.0,58.0,643.14518,94.0,2.79
704,55.0,1.0,330.0,1116.0,42.0,612.3309,84.0,68.4
705,93.0,1.0,136.0,213.0,106.0,645.47691,3.0,19.71
706,55.0,1.0,736.0,1355.0,76.0,644.28477,68.0,16.26
707,55.0,1.0,943.0,1703.0,42.0,783.9388,17.0,91.45
708,771.0,0.0,853.0,1546.0,90.0,516.0,50.0,58.54
709,604.0,0.0,670.0,1251.0,90.0,944.5585599999999,48.0,83.98
710,55.0,1.0,481.0,753.0,58.0,378.6951,42.0,56.47
711,55.0,1.0,59.0,75.0,79.0,156.7831,2.0,41.14
712,55.0,1.0,828.0,1513.0,42.0,711.14141,79.0,17.18
713,324.0,1.0,371.0,573.0,106.0,662.3912,42.0,70.7
714,772.0,0.0,854.0,1547.0,90.0,930.3345199999999,1.0,20.5
715,55.0,1.0,710.0,1323.0,76.0,231.3631,32.0,44.49
716,811.0,0.0,896.0,1615.0,90.0,163.14168999999998,59.0,96.2
717,821.0,0.0,907.0,1634.0,90.0,245.22598,8.0,81.79
718,55.0,1.0,55.0,71.0,80.0,812.9963,24.0,47.2
719,89.0,1.0,132.0,207.0,106.0,409.22106,45.0,76.71
720,55.0,1.0,729.0,1346.0,76.0,277.11127,9.0,85.32
721,309.0,0.0,356.0,554.0,90.0,501.2799,87.0,72.24
722,465.0,1.0,526.0,1030.0,69.0,191.5573,38.0,15.72
723,180.0,1.0,224.0,341.0,106.0,761.5639,1.0,9.97
724,349.0,1.0,399.0,631.0,57.0,838.9653,76.0,88.95
725,347.0,1.0,397.0,627.0,57.0,313.13437000000005,9.0,30.89
726,137.0,1.0,181.0,270.0,106.0,106.10207,8.0,48.13
727,174.0,1.0,218.0,333.0,106.0,444.24325999999996,76.0,81.63
728,134.0,1.0,178.0,265.0,106.0,228.10047000000003,96.0,28.36
729,133.0,1.0,177.0,264.0,106.0,465.18627000000004,9.0,35.79
730,120.0,1.0,164.0,247.0,106.0,91.4328,87.0,19.62
731,125.0,1.0,169.0,254.0,106.0,303.23537000000005,4.0,36.96
732,123.0,1.0,167.0,252.0,106.0,558.20779,92.0,84.79
733,350.0,1.0,400.0,632.0,57.0,109.8734,17.0,12.67
734,129.0,1.0,173.0,260.0,106.0,792.74392,56.0,97.9
735,353.0,1.0,403.0,635.0,57.0,235.10502000000002,15.0,43.59
736,348.0,1.0,398.0,630.0,57.0,421.17652000000004,53.0,64.43
737,153.0,1.0,197.0,310.0,106.0,384.14396,16.0,18.21
738,171.0,1.0,215.0,330.0,106.0,2002.0,77.0,68.69
739,121.0,1.0,165.0,250.0,106.0,4814.0,290.0,11.86
740,119.0,1.0,163.0,246.0,106.0,319.17675,79.0,75.82
741,328.0,0.0,375.0,577.0,90.0,378.22747999999996,4.0,40.17
742,329.0,0.0,376.0,600.0,90.0,351.15907000000004,32.0,88.55
743,715.0,1.0,795.0,1452.0,108.0,8.0572,8.0,24.83
744,742.0,0.0,822.0,1505.0,90.0,72.0,12.0,45.92
745,322.0,1.0,369.0,571.0,106.0,240.5001,6.0,35.56
746,766.0,0.0,848.0,1540.0,90.0,408.4875,6.0,82.84
747,314.0,0.0,361.0,561.0,90.0,391.26717,3.0,39.11
748,765.0,0.0,847.0,1537.0,90.0,380.21701,8.0,44.22
749,320.0,1.0,367.0,567.0,106.0,59769.0,870.0,42.51
750,941.0,1.0,1035.0,2041.0,106.0,924.5442,36.0,16.45
751,983.0,1.0,1081.0,2120.0,106.0,63.903,42.0,24.39
752,822.0,0.0,908.0,1635.0,90.0,629.18719,4.0,46.36
753,984.0,1.0,1082.0,2121.0,106.0,368.471,4.0,37.39
754,91.0,0.0,134.0,211.0,90.0,92.0,27.0,5.64
755,127.0,1.0,171.0,256.0,106.0,380.14337,4.0,85.69
756,115.0,0.0,159.0,242.0,90.0,702.39108,42.0,77.25
757,159.0,1.0,203.0,314.0,106.0,814.73723,98.0,70.7
758,55.0,1.0,72.0,112.0,88.0,315.7248,15.0,88.15
759,432.0,1.0,486.0,760.0,71.0,716.7001,48.0,47.91
760,55.0,1.0,67.0,105.0,88.0,280.13969,2.0,0.36
761,352.0,1.0,402.0,634.0,57.0,624.58799,52.0,79.98
762,55.0,1.0,63.0,101.0,88.0,474.22372,8.0,58.73
763,55.0,1.0,70.0,110.0,88.0,968.92666,64.0,74.84
764,55.0,1.0,65.0,103.0,88.0,276.12339,96.0,90.6
765,130.0,1.0,174.0,261.0,106.0,179.1383,67.0,92.36
766,117.0,1.0,161.0,244.0,106.0,571.33637,61.0,86.6
767,135.0,1.0,179.0,266.0,106.0,732.43517,4.0,30.31
768,355.0,1.0,405.0,637.0,57.0,914.5383400000001,6.0,52.75
769,55.0,1.0,61.0,114.0,88.0,121.4687,54.0,72.1
770,195.0,1.0,239.0,362.0,106.0,204.20179,68.0,44.4
771,55.0,1.0,64.0,102.0,88.0,743.65948,68.0,48.1
772,138.0,1.0,182.0,271.0,106.0,455.6015,1.0,76.2
773,55.0,1.0,69.0,107.0,88.0,793.79109,68.0,15.9
774,55.0,1.0,71.0,111.0,88.0,302.29366,48.0,98.1
775,614.0,1.0,680.0,1266.0,106.0,623.11662,56.0,30.26
776,55.0,1.0,73.0,113.0,88.0,181.8941,4.0,28.18
777,122.0,1.0,166.0,251.0,106.0,789.15953,58.0,14.85
778,131.0,1.0,175.0,262.0,106.0,39639.0,438.0,77.74
779,354.0,1.0,404.0,636.0,57.0,836.22923,12.0,74.99
780,345.0,1.0,395.0,625.0,57.0,726.4646,4.0,2.78
781,118.0,1.0,162.0,245.0,106.0,587.3679900000001,3.0,13.58
782,132.0,1.0,176.0,263.0,106.0,287.7921,2.0,18.19
783,346.0,1.0,396.0,626.0,57.0,575.16318,5.0,13.75
784,124.0,1.0,168.0,253.0,106.0,321.21465,27.0,64.72
785,136.0,1.0,180.0,267.0,106.0,223.1779,54.0,38.43
786,116.0,1.0,160.0,243.0,106.0,842.551,48.0,4.61
787,55.0,1.0,66.0,104.0,88.0,383.34956,41.0,64.79
788,55.0,1.0,68.0,106.0,88.0,578.41841,42.0,92.34
789,126.0,1.0,170.0,255.0,106.0,24026.0,328.0,87.5
790,814.0,0.0,899.0,1620.0,90.0,131.7435,56.0,25.96
791,605.0,0.0,671.0,1252.0,90.0,473.665,38.0,40.8
792,128.0,1.0,172.0,257.0,106.0,14.01314,6.0,39.45
793,55.0,1.0,383.0,607.0,58.0,496.38648,32.0,42.4
794,922.0,0.0,1013.0,2014.0,90.0,355.19067,5.0,64.36
795,142.0,1.0,186.0,275.0,106.0,365.33985,15.0,0.95
796,827.0,0.0,913.0,1645.0,90.0,936.3846900000001,6.0,50.74
797,960.0,0.0,1054.0,2065.0,90.0,201.6104,37.0,89.27
798,732.0,1.0,812.0,1473.0,106.0,26134.0,716.0,70.54
799,360.0,1.0,410.0,644.0,57.0,369.9605,7.0,57.51
800,773.0,0.0,855.0,1550.0,90.0,146.1248,8.0,78.18
801,965.0,0.0,1061.0,2074.0,90.0,750.20272,5.0,13.83
802,163.0,1.0,207.0,320.0,106.0,505.39045999999996,6.0,1.1
803,1009.0,0.0,1107.0,2154.0,90.0,762.59893,2.0,30.57
804,998.0,1.0,1096.0,2141.0,106.0,885.54746,1.0,14.41
805,164.0,1.0,208.0,321.0,106.0,380.20884,8.0,71.28
806,1034.0,0.0,1134.0,1260.0,90.0,711.60818,94.0,13.22
807,155.0,1.0,199.0,353.0,106.0,203.12117,7.0,28.36
808,916.0,0.0,1007.0,2006.0,90.0,437.12952,68.0,13.37
809,542.0,1.0,607.0,1152.0,61.0,677.9796,19.0,71.6
810,1011.0,0.0,1109.0,2156.0,90.0,6.0,3.0,90.31
811,932.0,0.0,1025.0,2027.0,90.0,726.56867,58.0,76.21
812,140.0,1.0,184.0,273.0,106.0,875.63726,25.0,97.81
813,365.0,1.0,415.0,651.0,57.0,462.20460999999995,98.0,69.95
814,110.0,1.0,153.0,234.0,106.0,633.531,72.0,55.86
815,778.0,1.0,861.0,1556.0,106.0,389.5321,52.0,98.9
816,98.0,0.0,141.0,220.0,90.0,784.1074,8.0,19.83
817,114.0,1.0,158.0,241.0,46.0,661.51425,8.0,60.75
818,591.0,1.0,657.0,1234.0,106.0,365.15147,5.0,60.5
819,736.0,1.0,816.0,1477.0,106.0,33.0,7.0,13.76
820,734.0,1.0,814.0,1475.0,106.0,45.1061,1.0,75.52
821,156.0,1.0,200.0,357.0,106.0,19968.0,780.0,73.8
822,10.0,1.0,10.0,14.0,14.0,345.1286,85.0,17.49
823,754.0,0.0,836.0,1524.0,90.0,424.26092,96.0,90.36
824,1005.0,1.0,1103.0,2150.0,92.0,84.69,72.0,15.69
825,313.0,0.0,360.0,560.0,90.0,483.41204000000005,73.0,35.21
826,295.0,0.0,342.0,534.0,90.0,682.63937,5.0,36.5
827,292.0,1.0,339.0,531.0,106.0,678.33913,56.0,87.54
828,1021.0,1.0,1119.0,2170.0,106.0,210.16412999999997,6.0,23.58
829,78.0,0.0,121.0,173.0,90.0,307.3757,68.0,21.58
830,183.0,1.0,227.0,344.0,106.0,523.3738900000001,27.0,45.19
831,18.0,1.0,18.0,26.0,108.0,965.60881,85.0,10.68
832,458.0,1.0,519.0,1021.0,69.0,672.9515,52.0,70.81
833,263.0,0.0,309.0,473.0,90.0,265.18701,5.0,1.17
834,837.0,1.0,923.0,1657.0,97.0,957.86857,32.0,60.76
835,179.0,1.0,223.0,340.0,106.0,659.46578,12.0,61.36
836,474.0,1.0,535.0,1041.0,69.0,183.14446999999998,85.0,99.6
837,1001.0,0.0,1099.0,2144.0,90.0,574.18706,66.0,40.69
838,58.0,0.0,98.0,144.0,90.0,973.2978300000001,53.0,0.44
839,173.0,1.0,217.0,332.0,106.0,615.10836,3.0,73.17
840,267.0,0.0,313.0,477.0,90.0,669.6268,53.0,37.38
841,728.0,1.0,808.0,1467.0,108.0,41.717,9.0,93.44
842,933.0,0.0,1026.0,2030.0,90.0,920.7628599999999,4.0,19.89
843,291.0,0.0,338.0,530.0,90.0,924.80803,8.0,3.27
844,269.0,1.0,315.0,502.0,106.0,668.1535700000001,32.0,39.2
845,162.0,1.0,206.0,317.0,106.0,60.5415,6.0,89.11
846,165.0,1.0,209.0,322.0,106.0,172.11726000000002,96.0,67.3
847,265.0,0.0,311.0,475.0,90.0,501.452,22.0,65.3
848,618.0,0.0,684.0,1272.0,90.0,595.2326400000001,5.0,39.87
849,947.0,0.0,1041.0,2050.0,90.0,171.11739,15.0,23.94
850,60.0,1.0,100.0,146.0,43.0,217.3283,21.0,5.11
851,619.0,1.0,686.0,1274.0,106.0,280.26877,2.0,61.54
852,464.0,1.0,525.0,1027.0,69.0,603.58858,83.0,6.25
853,1006.0,0.0,1104.0,2151.0,90.0,857.53476,8.0,56.62
854,974.0,1.0,1072.0,2106.0,92.0,24.0,13.0,50.72
855,147.0,1.0,191.0,302.0,106.0,327.23825,22.0,59.71
856,261.0,1.0,307.0,471.0,106.0,804.55926,24.0,6.53
857,175.0,1.0,219.0,334.0,106.0,31510.0,460.0,62.23
858,815.0,0.0,900.0,1621.0,90.0,633.55355,85.0,19.42
859,601.0,0.0,667.0,1246.0,90.0,179.11543,71.0,69.92
860,172.0,1.0,216.0,331.0,106.0,64372.0,760.0,96.71
861,318.0,1.0,365.0,565.0,106.0,866.4784599999999,5.0,22.8
862,756.0,1.0,838.0,1526.0,106.0,96.0,8.0,57.11
863,975.0,0.0,1073.0,2107.0,90.0,958.4585900000001,46.0,11.95
864,613.0,0.0,679.0,1265.0,90.0,262.11024,96.0,67.63
865,739.0,0.0,819.0,1502.0,90.0,485.56699999999995,45.0,97.86
866,834.0,1.0,920.0,1654.0,106.0,379.35489,56.0,11.0
867,264.0,0.0,310.0,474.0,90.0,863.9536,15.0,4.25
868,852.0,0.0,941.0,1701.0,90.0,950.91475,5.0,92.6
869,864.0,1.0,954.0,1716.0,106.0,327.2667,12.0,10.32
870,105.0,1.0,148.0,227.0,106.0,680.18475,6.0,35.97
871,139.0,1.0,183.0,272.0,106.0,817.4714,9.0,85.48
872,73.0,1.0,116.0,166.0,106.0,547.4589,33.0,54.58
873,150.0,1.0,194.0,305.0,106.0,932.28304,84.0,43.28
874,27.0,1.0,28.0,36.0,5.0,256.376,32.0,49.53
875,737.0,0.0,817.0,1500.0,90.0,580.6194,4.0,40.24
876,735.0,1.0,815.0,1476.0,106.0,28.0,16.0,44.15
877,316.0,1.0,363.0,563.0,106.0,3074.0,212.0,13.68
878,438.0,1.0,497.0,773.0,69.0,92.0,11.0,56.5
879,112.0,1.0,156.0,237.0,46.0,295.11177000000004,55.0,74.71
880,1014.0,1.0,1112.0,2161.0,103.0,382.37875,3.0,39.96
881,606.0,1.0,672.0,1253.0,106.0,62.5046,18.0,11.32
882,776.0,1.0,859.0,1554.0,106.0,607.24425,68.0,22.13
883,167.0,1.0,211.0,324.0,106.0,213.4973,55.0,92.21
884,982.0,0.0,1080.0,2117.0,90.0,999.50759,19.0,98.69
885,82.0,0.0,125.0,201.0,90.0,843.78044,94.0,19.66
886,87.0,1.0,130.0,205.0,106.0,363.14106,18.0,20.68
887,1018.0,1.0,1116.0,2165.0,103.0,923.11085,23.0,96.6
888,939.0,1.0,1033.0,2037.0,106.0,358.11241,2.0,49.67
889,297.0,1.0,344.0,536.0,106.0,469.16691,71.0,65.5
890,741.0,0.0,821.0,1504.0,90.0,382.23439,52.0,12.88
891,1008.0,0.0,1106.0,2153.0,90.0,665.57808,45.0,7.17
892,94.0,0.0,137.0,214.0,90.0,251.5291,8.0,29.4
893,603.0,0.0,669.0,1250.0,90.0,40.1231,2.0,69.53
894,959.0,0.0,1053.0,2064.0,90.0,881.58639,36.0,98.33
895,1002.0,1.0,1100.0,2145.0,106.0,658.61049,24.0,16.43
896,787.0,0.0,871.0,1563.0,90.0,71.1571,23.0,80.55
897,342.0,1.0,392.0,622.0,57.0,38365.0,500.0,34.41
898,1023.0,1.0,1122.0,2174.0,44.0,976.2723,4.0,57.24
899,254.0,1.0,299.0,461.0,44.0,93.4976,43.0,80.12
900,1026.0,1.0,1125.0,2177.0,44.0,62.214,24.0,12.42
901,262.0,0.0,308.0,472.0,90.0,971.25139,19.0,56.13
902,962.0,0.0,1056.0,2067.0,90.0,761.1552,44.0,59.49
903,752.0,0.0,834.0,1522.0,90.0,327.7828,38.0,54.68
904,193.0,1.0,237.0,360.0,106.0,35.1632,5.0,15.3
905,723.0,1.0,803.0,1462.0,108.0,338.20533,5.0,67.7
906,553.0,1.0,618.0,1165.0,70.0,126.6863,22.0,68.41
907,187.0,1.0,231.0,350.0,106.0,579.30808,59.0,94.5
908,856.0,1.0,946.0,1704.0,100.0,283.12109,57.0,86.93
909,858.0,1.0,948.0,1711.0,100.0,494.5241,34.0,14.26
910,253.0,1.0,298.0,457.0,60.0,370.26858,3.0,67.77
911,1025.0,1.0,1124.0,2176.0,55.0,933.5092300000001,14.0,56.76
912,762.0,1.0,844.0,1534.0,43.0,388.27128,96.0,87.45
913,81.0,0.0,124.0,200.0,90.0,308.2978,52.0,91.17
914,854.0,1.0,944.0,1705.0,100.0,172.5495,4.0,64.7
915,334.0,1.0,381.0,605.0,55.0,312.30834,96.0,57.12
916,326.0,1.0,373.0,575.0,106.0,738.63866,52.0,56.53
917,910.0,0.0,1001.0,2000.0,90.0,285.19311,6.0,81.4
918,899.0,1.0,990.0,1764.0,106.0,987.2878,92.0,50.33
919,413.0,1.0,463.0,734.0,44.0,114.3596,7.0,14.92
920,713.0,1.0,793.0,1450.0,108.0,789.22376,4.0,37.98
921,517.0,1.0,582.0,1121.0,71.0,294.23158,38.0,97.1
922,746.0,0.0,826.0,1511.0,90.0,226.8447,88.0,11.6
923,113.0,1.0,157.0,240.0,46.0,795.40664,25.0,92.24
924,584.0,1.0,649.0,1224.0,106.0,277.7005,33.0,29.76
925,909.0,0.0,1000.0,1777.0,90.0,331.11465,84.0,74.69
926,1029.0,0.0,1128.0,2202.0,90.0,44.236999999999995,16.0,30.88
927,1033.0,0.0,1133.0,501.0,90.0,391.3475,99.0,70.7
928,586.0,1.0,651.0,1226.0,106.0,547.44121,2.0,34.45
929,1024.0,1.0,1123.0,2175.0,44.0,402.10435,92.0,51.99
930,80.0,0.0,123.0,177.0,90.0,0.0,0.0,23.46
931,934.0,0.0,1028.0,2032.0,90.0,923.7756800000001,92.0,0.16
932,315.0,0.0,362.0,562.0,90.0,103.9858,13.0,41.1
933,71.0,0.0,114.0,164.0,90.0,183.17092,2.0,95.4
934,966.0,1.0,1062.0,2075.0,43.0,534.3857,82.0,91.53
935,182.0,1.0,226.0,343.0,106.0,59.2856,19.0,34.3
936,72.0,0.0,115.0,165.0,90.0,315.1965,6.0,89.2
937,407.0,1.0,457.0,725.0,44.0,527.16563,61.0,98.94
938,280.0,1.0,326.0,516.0,51.0,859.10041,71.0,72.36
939,201.0,1.0,246.0,371.0,64.0,116.919,68.0,93.64
940,211.0,1.0,256.0,456.0,64.0,380.29548,8.0,8.25
941,500.0,1.0,565.0,1100.0,70.0,139.6779,3.0,39.94
942,198.0,1.0,243.0,366.0,71.0,821.34293,17.0,90.76
943,567.0,1.0,632.0,1203.0,71.0,601.44528,9.0,65.62
944,524.0,1.0,589.0,1130.0,70.0,221.74400000000003,77.0,36.61
945,705.0,1.0,785.0,1440.0,108.0,623.35828,73.0,52.64
946,655.0,1.0,728.0,1345.0,74.0,641.486,62.0,24.44
947,712.0,1.0,792.0,1447.0,108.0,158.2088,76.0,51.88
948,583.0,1.0,648.0,1223.0,64.0,143.3294,72.0,77.63
949,913.0,1.0,1004.0,2003.0,55.0,949.43986,15.0,92.55
950,726.0,1.0,806.0,1465.0,108.0,667.50371,84.0,87.16
951,446.0,1.0,506.0,1003.0,70.0,120.7892,4.0,75.35
952,511.0,1.0,576.0,1113.0,70.0,211.8543,39.0,53.1
953,8.0,1.0,8.0,12.0,6.0,256.678,4.0,79.91
954,255.0,1.0,300.0,460.0,55.0,952.55853,84.0,41.43
955,564.0,1.0,629.0,1176.0,67.0,303.622,59.0,50.6
956,576.0,1.0,641.0,1214.0,64.0,187.4712,4.0,69.19
957,537.0,1.0,602.0,1145.0,71.0,958.7348800000001,18.0,71.15
958,703.0,1.0,783.0,1436.0,108.0,335.29905,45.0,9.14
959,571.0,1.0,636.0,1207.0,64.0,783.60173,55.0,30.8
960,556.0,1.0,621.0,1170.0,71.0,908.5662199999999,88.0,96.29
961,628.0,1.0,696.0,1306.0,6.0,879.73818,42.0,74.79
962,719.0,1.0,799.0,1460.0,73.0,931.9132099999999,79.0,11.99
963,718.0,1.0,798.0,1457.0,73.0,158.8825,88.0,42.79
964,65.0,2.0,107.0,155.0,109.0,667.18129,6.0,31.95
965,416.0,1.0,467.0,726.0,55.0,419.1516,78.0,55.99
966,11.0,1.0,11.0,15.0,6.0,922.9736,32.0,20.8
967,642.0,1.0,715.0,1330.0,6.0,86.70200000000001,18.0,25.61
968,717.0,1.0,797.0,1456.0,73.0,73.5106,35.0,10.61
969,720.0,1.0,800.0,1454.0,108.0,164.12498,44.0,58.96
970,512.0,1.0,577.0,1114.0,70.0,651.18846,45.0,30.12
971,569.0,1.0,634.0,1205.0,64.0,138.3963,36.0,6.3
972,210.0,1.0,255.0,455.0,64.0,336.23456,16.0,24.24
973,5.0,1.0,5.0,7.0,6.0,8918.0,700.0,81.56
974,879.0,1.0,969.0,1735.0,100.0,772.10352,52.0,64.96
975,633.0,1.0,704.0,1314.0,5.0,757.33678,93.0,95.88
976,144.0,1.0,188.0,277.0,106.0,911.20151,32.0,24.59
977,707.0,1.0,787.0,1442.0,108.0,853.1179599999999,99.0,35.41
978,146.0,1.0,190.0,301.0,106.0,56.3788,4.0,61.25
979,152.0,1.0,196.0,307.0,106.0,189.12955,95.0,34.25
980,151.0,1.0,195.0,306.0,106.0,25554.0,300.0,65.41
981,166.0,1.0,210.0,323.0,106.0,633.2175599999999,21.0,59.84
982,154.0,1.0,198.0,311.0,106.0,513.48088,62.0,41.47
983,99.0,0.0,142.0,221.0,90.0,147.3766,14.0,28.49
984,160.0,1.0,204.0,315.0,106.0,26247.0,300.0,38.53
985,281.0,1.0,327.0,517.0,106.0,549.44304,3.0,50.6
986,841.0,1.0,928.0,1664.0,106.0,771.39999,48.0,99.76
987,554.0,1.0,619.0,1166.0,70.0,840.45855,6.0,25.37
988,279.0,1.0,325.0,515.0,51.0,747.69799,68.0,13.41
989,563.0,1.0,628.0,1201.0,71.0,110.155,1.0,65.98
990,528.0,1.0,593.0,1134.0,70.0,479.2678,89.0,89.27
991,710.0,1.0,790.0,1445.0,108.0,89.1282,49.0,22.4
992,1007.0,1.0,1105.0,2152.0,106.0,626.12814,22.0,66.0
993,579.0,1.0,644.0,1217.0,64.0,632.4648900000001,92.0,19.22
994,516.0,1.0,581.0,1120.0,70.0,325.20127,25.0,10.15
995,429.0,1.0,482.0,754.0,71.0,170.10509,4.0,74.29
996,430.0,1.0,483.0,755.0,71.0,298.8132,42.0,82.83
997,905.0,1.0,996.0,1772.0,55.0,155.5128,95.0,15.4
998,716.0,1.0,796.0,1453.0,108.0,415.37478,65.0,94.68
999,560.0,1.0,625.0,1174.0,71.0,508.49057,56.0,51.89
1000,575.0,1.0,640.0,1213.0,64.0,892.8036900000001,2.0,11.3
1001,4.0,1.0,4.0,5.0,70.0,905.4735800000001,65.0,89.51
1002,704.0,1.0,784.0,1437.0,108.0,658.46415,32.0,43.23
1003,565.0,1.0,630.0,1177.0,67.0,183.2045,94.0,74.85
1004,547.0,1.0,612.0,1157.0,70.0,616.794,24.0,47.9
1005,513.0,1.0,578.0,1075.0,60.0,827.8633,88.0,99.59
1006,818.0,1.0,904.0,1631.0,105.0,956.3630800000001,88.0,86.41
1007,514.0,1.0,579.0,1115.0,111.0,708.10365,12.0,53.92
1008,651.0,1.0,724.0,1341.0,40.0,431.27769000000006,33.0,53.7
1009,819.0,1.0,905.0,1632.0,105.0,212.20585,2.0,65.11
1010,23.0,1.0,24.0,32.0,51.0,517.4928,44.0,83.42
1011,43.0,1.0,44.0,56.0,0.0,479.2872,84.0,29.16
1012,56.0,1.0,96.0,163.0,108.0,276.8075,76.0,50.49
1013,203.0,1.0,248.0,373.0,47.0,982.9318099999999,98.0,87.39
1014,424.0,1.0,475.0,744.0,69.0,546.24226,2.0,41.4
1015,422.0,1.0,473.0,742.0,69.0,11132.0,440.0,40.47
1016,708.0,1.0,788.0,1443.0,108.0,597.656,7.0,93.35
1017,555.0,1.0,620.0,1167.0,70.0,219.18321,54.0,33.9
1018,521.0,1.0,586.0,1125.0,71.0,140.2839,2.0,62.74
1019,425.0,1.0,476.0,745.0,69.0,175.6581,75.0,7.57
1020,724.0,1.0,804.0,1463.0,108.0,768.46118,4.0,63.41
1021,572.0,1.0,637.0,1210.0,64.0,957.50146,8.0,53.5
1022,414.0,1.0,464.0,615.0,55.0,842.47547,74.0,34.64
1023,578.0,1.0,643.0,1216.0,64.0,872.1859099999999,4.0,67.76
1024,209.0,1.0,254.0,403.0,64.0,669.57493,86.0,21.75
1025,580.0,1.0,645.0,1220.0,64.0,897.7407400000001,26.0,66.94
1026,570.0,1.0,635.0,1206.0,64.0,107.32700000000001,99.0,46.35
1027,709.0,1.0,789.0,1444.0,108.0,888.2714599999999,16.0,27.66
1028,639.0,1.0,712.0,1324.0,13.0,108.1076,76.0,51.2
1029,831.0,0.0,917.0,1651.0,90.0,645.57417,9.0,29.64
1030,55.0,1.0,1027.0,2031.0,42.0,519.3145099999999,4.0,93.46
1031,213.0,1.0,258.0,405.0,49.0,891.7651900000001,8.0,9.67
1032,419.0,1.0,470.0,737.0,69.0,733.3802,71.0,38.63
1033,967.0,1.0,1064.0,2110.0,43.0,691.1465599999999,11.0,51.6
1034,770.0,1.0,852.0,1545.0,91.0,480.44187999999997,8.0,55.97
1035,421.0,1.0,472.0,741.0,69.0,44.0,16.0,53.71
1036,426.0,1.0,477.0,746.0,69.0,82.0,14.0,9.2
1037,199.0,1.0,244.0,367.0,47.0,792.1696400000001,64.0,84.28
1038,212.0,1.0,257.0,402.0,48.0,271.21688,13.0,60.31
1039,640.0,1.0,713.0,1325.0,13.0,504.4483,8.0,58.35
1040,817.0,1.0,903.0,1630.0,50.0,85.1268,2.0,76.21
1041,725.0,1.0,805.0,1464.0,108.0,801.1102099999999,76.0,70.47
1042,663.0,0.0,742.0,1365.0,90.0,9270.0,120.0,90.94
1043,594.0,1.0,660.0,1237.0,92.0,139.29,51.0,56.44
1044,751.0,0.0,833.0,1521.0,90.0,395.15747999999996,65.0,83.97
1045,55.0,1.0,75.0,115.0,80.0,282.7791,66.0,1.96
1046,298.0,1.0,345.0,540.0,53.0,125.10723,75.0,78.33
1047,200.0,1.0,245.0,370.0,64.0,896.4318699999999,2.0,82.92
1048,55.0,1.0,93.0,140.0,88.0,193.606,2.0,60.6
1049,420.0,1.0,471.0,740.0,69.0,4275.0,57.0,84.4
1050,55.0,1.0,85.0,131.0,82.0,788.58713,88.0,2.58
1051,850.0,1.0,939.0,1677.0,106.0,596.5447,44.0,70.56
1052,658.0,1.0,733.0,1352.0,87.0,676.24038,56.0,73.43
1053,646.0,1.0,719.0,1334.0,87.0,224.8279,4.0,8.73
1054,836.0,1.0,922.0,1656.0,97.0,15.0599,1.0,31.4
1055,417.0,1.0,468.0,735.0,55.0,215.4927,8.0,76.3
1056,21.0,1.0,21.0,31.0,43.0,430.1466,3.0,5.89
1057,820.0,1.0,906.0,1633.0,107.0,939.10385,34.0,97.78
1058,689.0,1.0,769.0,1420.0,10.0,4675.0,340.0,80.41
1059,855.0,1.0,945.0,1706.0,100.0,836.46807,64.0,11.42
1060,877.0,1.0,967.0,1733.0,100.0,215.21447999999998,4.0,74.23
1061,41.0,1.0,42.0,54.0,105.0,22590.0,900.0,75.79
1062,32.0,1.0,33.0,43.0,13.0,293.16276,15.0,73.28
1063,645.0,1.0,718.0,1333.0,30.0,10.0196,2.0,68.65
1064,860.0,1.0,950.0,1713.0,100.0,190.5722,8.0,71.4
1065,632.0,1.0,703.0,1315.0,4.0,2886.0,30.0,97.5
1066,256.0,1.0,301.0,462.0,106.0,649.10137,38.0,97.47
1067,423.0,1.0,474.0,743.0,111.0,476.13300000000004,28.0,7.77
1068,38.0,1.0,39.0,51.0,35.0,394.587,6.0,69.93
1069,954.0,1.0,1048.0,2057.0,92.0,87.2809,23.0,57.84
1070,956.0,1.0,1050.0,2061.0,92.0,564.34663,44.0,32.29
1071,42.0,1.0,43.0,55.0,107.0,81.42,66.0,70.79
1072,2.0,1.0,2.0,3.0,55.0,426.42527,58.0,61.46
1073,335.0,1.0,382.0,606.0,55.0,377.29209,96.0,30.61
1074,418.0,1.0,469.0,736.0,69.0,433.6949,65.0,1.45
1075,730.0,1.0,810.0,1471.0,93.0,486.7625,34.0,66.56
1076,415.0,1.0,388.0,616.0,56.0,198.17608,14.0,30.37
1077,665.0,1.0,745.0,1370.0,18.0,679.3253,89.0,50.97
1078,336.0,1.0,384.0,610.0,54.0,538.31892,64.0,2.4
1079,692.0,1.0,772.0,1423.0,21.0,464.2139,4.0,49.73
1080,659.0,1.0,738.0,1357.0,85.0,695.11432,75.0,94.69
1081,699.0,1.0,779.0,1432.0,25.0,432.18161,28.0,59.49
1082,12.0,1.0,12.0,16.0,29.0,218.12302999999997,92.0,1.39
1083,664.0,1.0,744.0,1367.0,17.0,57.5024,55.0,27.3
1084,666.0,1.0,746.0,1371.0,18.0,35.12,6.0,72.23
1085,427.0,1.0,479.0,750.0,63.0,89.5281,26.0,69.17
1086,14.0,1.0,14.0,22.0,41.0,522.5016,42.0,73.13
1087,857.0,1.0,947.0,1710.0,100.0,681.1744,41.0,27.46
1088,953.0,1.0,1047.0,2056.0,92.0,933.5396400000001,72.0,66.52
1089,952.0,1.0,1046.0,2055.0,92.0,765.53496,45.0,1.33
1090,880.0,1.0,971.0,1737.0,0.0,414.36957,78.0,14.46
1091,61.0,1.0,101.0,147.0,43.0,360.8848,8.0,76.47
1092,763.0,1.0,845.0,1535.0,92.0,208.20115,68.0,41.35
1093,31.0,1.0,32.0,42.0,13.0,210.9405,9.0,48.48
1094,62.0,1.0,102.0,151.0,43.0,377.16938,61.0,47.87
1095,39.0,1.0,40.0,52.0,35.0,359.15013,38.0,21.21
1096,881.0,1.0,972.0,1740.0,0.0,107.2396,8.0,53.89
1097,3.0,1.0,3.0,4.0,60.0,648.60445,44.0,5.34
1098,332.0,1.0,379.0,603.0,55.0,368.31489,76.0,51.55
1099,7.0,1.0,7.0,11.0,12.0,651.6168200000001,25.0,66.35
1100,22.0,1.0,23.0,17.0,30.0,718.18287,46.0,53.1
1101,644.0,1.0,717.0,1332.0,29.0,310.11093999999997,9.0,89.39
1102,647.0,1.0,720.0,1335.0,34.0,812.68849,48.0,50.81
1103,840.0,1.0,926.0,1663.0,97.0,217.5303,48.0,14.34
1104,277.0,1.0,323.0,513.0,51.0,644.27569,64.0,1.28
1105,648.0,1.0,721.0,1336.0,35.0,361.4573,87.0,30.12
1106,20.0,1.0,20.0,30.0,50.0,538.49539,4.0,85.57
1107,34.0,1.0,35.0,45.0,40.0,496.39450999999997,84.0,10.73
1108,955.0,1.0,1049.0,2060.0,92.0,630.44597,7.0,25.36
1109,654.0,1.0,727.0,1344.0,85.0,687.8147,82.0,84.54
1110,1031.0,1.0,1130.0,2204.0,55.0,633.37935,69.0,91.22
1111,37.0,1.0,38.0,50.0,85.0,171.16484,4.0,1.64
1112,637.0,1.0,709.0,1322.0,12.0,56.4045,44.0,63.24
1113,863.0,1.0,953.0,1715.0,100.0,474.11489000000006,76.0,55.13
1114,694.0,1.0,774.0,1425.0,22.0,746.68885,64.0,10.61
1115,929.0,1.0,1022.0,2024.0,103.0,257.14505,8.0,21.68
1116,691.0,1.0,771.0,1422.0,20.0,759.2916799999999,37.0,10.28
1117,653.0,1.0,726.0,1343.0,45.0,364.25003,16.0,23.26
1118,698.0,1.0,778.0,1431.0,24.0,504.19882,8.0,81.43
1119,695.0,1.0,775.0,1426.0,23.0,51450.0,588.0,53.53
1120,798.0,1.0,883.0,1574.0,95.0,710.5089999999999,7.0,61.86
1121,45.0,1.0,62.0,100.0,16.0,927.67105,53.0,57.76
1122,1027.0,1.0,1126.0,2200.0,55.0,48.3783,36.0,50.78
1123,797.0,1.0,882.0,1573.0,95.0,493.6349,84.0,32.59
1124,652.0,1.0,725.0,1342.0,41.0,141.2567,61.0,92.78
1125,35.0,1.0,36.0,46.0,40.0,304.832,96.0,95.16
1126,1019.0,1.0,1117.0,2166.0,103.0,54.0,6.0,68.0
1127,950.0,1.0,1044.0,2053.0,92.0,81.0,23.0,0.8300000000000001
1128,722.0,1.0,802.0,1461.0,102.0,409.811,47.0,62.4
1129,793.0,1.0,877.0,1565.0,94.0,682.67306,58.0,20.47
1130,690.0,1.0,770.0,1421.0,19.0,74.4789,28.0,86.93
1131,697.0,1.0,777.0,1430.0,33.0,497.19919000000004,76.0,78.6
1132,15.0,1.0,15.0,23.0,85.0,216.21034,8.0,27.98
1133,696.0,1.0,776.0,1427.0,32.0,145.3764,2.0,43.2
1134,55.0,1.0,389.0,617.0,57.0,679.17715,11.0,8.97
1135,878.0,1.0,968.0,1734.0,100.0,912.23137,44.0,35.96
1136,702.0,1.0,782.0,1435.0,27.0,613.31103,62.0,99.15
1137,40.0,1.0,41.0,53.0,105.0,8153.0,124.0,86.63
1138,794.0,1.0,879.0,1570.0,95.0,107.10336000000001,2.0,4.8
1139,795.0,1.0,880.0,1571.0,95.0,205.10182,35.0,96.28
1140,838.0,1.0,924.0,1660.0,97.0,951.62404,62.0,12.1
1141,629.0,1.0,699.0,1311.0,78.0,952.16355,36.0,18.59
1142,631.0,1.0,702.0,1313.0,3.0,373.7478,65.0,0.95
1143,638.0,1.0,711.0,1326.0,6.0,674.2081900000001,86.0,78.16
1144,630.0,1.0,701.0,1312.0,2.0,165.11665,5.0,6.49
1145,55.0,1.0,697.0,1307.0,76.0,471.26597000000004,37.0,51.52
1146,839.0,1.0,925.0,1661.0,97.0,237.8676,57.0,92.81
1147,1040.0,0.0,1140.0,1603.0,90.0,30051.0,525.0,27.9
1148,796.0,1.0,881.0,1572.0,95.0,905.59277,5.0,25.96
1149,862.0,1.0,952.0,1714.0,100.0,440.2653,2.0,54.58
1150,55.0,1.0,95.0,142.0,79.0,372.20928,72.0,34.52
1151,711.0,1.0,791.0,1446.0,108.0,894.63724,32.0,78.82
1152,181.0,1.0,225.0,342.0,106.0,722.62207,52.0,2.36
1153,744.0,0.0,824.0,1507.0,90.0,341.15,4.0,5.39
1154,727.0,1.0,807.0,1466.0,108.0,943.6959300000001,4.0,97.74
1155,55.0,1.0,53.0,66.0,79.0,287.20331,8.0,59.93
1156,44.0,1.0,45.0,57.0,0.0,165.3559,5.0,24.49
